-0.985025896186585,-5.71128970015613e-18,-0.156835069400114,3.09290732397907e-17,-0.0656627364600077,9.687057313643e-17,0.0255804367905305,-5.51010835861616e-17,0.0112103382141517,2.32223736315509e-17,0.00517174413640074,1.48659777094039e-17,-0.00249685424681695,-2.74953907147383e-17,-0.0012489867161151,-1.7190308587692e-16,-0.000643569488208,-4.19156584879646e-19,0.000339843792068905,-5.0035932115069e-17,-0.000185794982446067,1.67248838661621e-18,0.00010589382766256,-9.39865293078117e-19,5.0099660544161e-05,-8.58495215732648e-20,1.80693772288715e-05,-5.49440584355171e-20,5.13490196843827e-06,-1.24591553353367e-20,-1.17102267073623e-06,-3.41687737592578e-22,-2.14791077062188e-07,-9.05525088074875e-23,-3.14231300834877e-08,2.33737765023435e-23,-3.6023455962183e-09,1.96602421674523e-24,3.14539382301492e-10,1.24294611081589e-26,2.00276241118812e-11,-6.27585169154331e-27,8.68886449911168e-13,-2.39220196520392e-28,2.29262002192276e-14,-9.97542838628513e-30,-2.96002146217727e-16,2.22582565532367e-31,1.07794545726413e-18,5.1912942637608e-34
3.85876033443231e-19,-0.956339758285247,6.56049041332265e-17,0.25865290009531,8.08684556271321e-17,0.120776456261565,-3.39076288510961e-17,0.0546549222784291,3.37989174662719e-17,0.0264238293053564,3.05567135721989e-17,-0.0132325900686391,1.04229098225536e-16,-0.00683798560882163,4.92173576199795e-16,0.00362614745658984,-1.25583137638996e-15,0.00196643205781504,-7.73252989416662e-16,0.00108641572908802,-3.49519675355014e-17,0.000628912800859468,-1.09721259855533e-16,0.00036115692407091,-1.06023537524294e-16,0.000164590190324513,-9.21571846612679e-17,5.82612310465975e-05,-3.71203718804725e-17,1.65006634277763e-05,1.47207549969219e-16,3.78238091054172e-06,-5.33969569949111e-17,7.00786871345203e-07,-2.07597610976662e-16,1.03867779655449e-07,-1.29291109068896e-16,1.20858797669703e-08,-9.94213392169208e-17,1.07234859888026e-09,-3.82926654794724e-17,6.94380620263843e-11,2.90566182226115e-17,3.06549392058284e-12,-5.31259064517897e-17,8.2360924812946e-14,8.40256683676266e-19,1.08385479195002e-15,8.67361737988404e-19,4.03204802640214e-18
0.172047410406567,-2.56524608202258e-17,-0.890635950806659,4.61435262051453e-17,-0.357481120152663,5.16524230956572e-16,0.189834385139394,-2.14329818984661e-17,0.0975990032181199,3.51170963667234e-16,0.0517555667102349,2.23072334200949e-16,-0.0279906498761818,-3.19484208492545e-16,-0.0154320260540187,-2.30794243116711e-15,-0.00865596343696716,-5.00950766328217e-18,0.00492848804206133,-7.77982306307681e-16,-0.0028843333891194,2.68013290898646e-17,0.00176411373979856,-1.62237523601691e-17,0.000909167668546526,-1.61942011906178e-18,0.00036183812159512,-1.14456422006532e-18,0.000114298625812978,-2.88377101363028e-19,-2.90828467532195e-05,-8.81404650258669e-21,-5.96208764278068e-06,-2.60641956187799e-21,-9.7549511571097e-07,7.51058611775246e-22,-1.25096482147923e-07,7.05340386601857e-23,1.22213946150487e-08,4.97974150508368e-25,8.71285772019345e-10,-3.16403260057881e-25,4.2393406579513e-11,-1.32237022654023e-26,1.25885956296274e-12,-5.00680818814034e-28,-1.84221834943916e-14,1.40176409507607e-29,7.73340219403542e-17,3.8064916435143e-32
-5.48547325435893e-18,0.289358480075003,1.34813121165658e-16,0.7895699034633,2.65686620956105e-16,0.433328952844353,-1.08081721707004e-16,0.264165107868905,1.68919757264426e-16,0.152818663192687,-2.88648499633531e-16,-0.0886194634099822,1.89911563037992e-16,-0.0516177262991527,2.33244413366807e-15,0.0303049924021814,-8.97459190296601e-15,0.0179534989685807,-4.03973729468099e-15,0.0107256073524043,-2.63352707696729e-15,0.00667092874923989,-2.94902990916057e-16,0.00414628171156647,5.88721779659629e-17,0.00207776755794795,-1.07661275727811e-16,0.000817454510778131,-1.22514845490862e-17,0.000258723402564325,-1.60461921527855e-16,6.64312919605653e-05,-1.91686944095437e-16,1.37964010411242e-05,1.64473469566051e-16,2.29181198344486e-06,-2.86229373536173e-17,2.98765274760476e-07,-1.12757025938492e-17,2.96926707949361e-08,3.16587034365767e-17,2.15438130931375e-09,2.91433543964104e-16,1.06718958750619e-10,-3.08780778723872e-16,3.22768215862968e-12,-4.39101879856629e-18,4.81483241609756e-14,1.04083408558608e-17,2.06458131550356e-16
-0.00525617963584568,4.00619921790919e-18,0.414426988652519,-1.27100351995468e-16,-0.645184741918543,7.91106161695213e-16,0.473370630833789,1.00138082751212e-16,0.332887664704665,1.31508974593875e-15,0.21558032618277,1.04053986643059e-15,-0.136423445633389,-1.76057136527209e-15,-0.0854259326680121,-1.42152728512166e-14,-0.0533451157129178,-2.7120738145805e-17,0.0333254260554833,-5.72177515704088e-15,-0.021172707710275,2.04185079876413e-16,0.0140786129176601,-1.34998076905015e-16,0.00801523550773372,-1.49307716389456e-17,0.00356988739604531,-1.18075605959537e-17,0.00126991736811306,-3.34616727197091e-18,-0.000364725834374897,-1.15229081941628e-19,-8.44174857232204e-05,-3.83829204141703e-20,-1.558334739403e-05,1.24492747065008e-20,-2.25248537882069e-06,1.31473772304066e-21,2.47849286275663e-07,1.0430418952723e-23,1.98983364539123e-08,-8.39887414472233e-24,1.09136428005163e-09,-3.83245130831227e-25,3.66386019440446e-11,-1.3317940985246e-26,-6.10268770364908e-13,4.71294542621024e-28,2.96514377371251e-15,1.49221681345609e-30
-2.72992537017452e-18,-0.0394582528513251,4.29504446489131e-17,-0.523412776567466,5.28492165221242e-16,0.466489994692877,-8.61201178027517e-17,0.466332330956492,-3.55266793902135e-17,0.382419137712188,-6.75758650154745e-16,-0.277352560975499,3.16573481838611e-16,-0.191561795310389,4.91902525656673e-15,0.128915546090631,-3.58409048967223e-14,0.085594152930715,-2.5804011705155e-15,0.056389131058019,-1.46141779233666e-14,0.0382868051671346,1.08246744900953e-15,0.0261610426614717,2.33320307518881e-16,0.0146527807552731,-2.63677968348475e-16,0.00650837892042558,8.84708972748172e-17,0.00233451389231738,-1.90819582357449e-17,0.000679707409922977,1.66533453693773e-16,0.000159904319002959,5.20417042793042e-18,3.00408053869751e-05,-3.46944695195361e-17,4.4216323780598e-06,9.19403442267708e-17,4.95528704385314e-07,-4.42354486374086e-17,4.05211367936863e-08,3.44342609981396e-16,2.26380830799024e-09,-2.48065457064683e-16,7.74287755409514e-11,-2.25514051876985e-17,1.31477715480805e-12,0,6.52474048030923e-15
-0.00902042464097684,2.21372243046588e-17,-0.101381615315402,3.03043515140919e-16,0.601823674357081,6.14110249110047e-16,0.265016775969948,8.9276223503719e-17,0.408040080829833,2.83270163792878e-15,0.40001468719824,3.09356567826669e-15,-0.327010993735899,-4.72632332621755e-15,-0.247219585938636,-4.76100876289712e-14,-0.179059455673375,-6.53499865259206e-17,0.126419829817424,-2.41518992558763e-14,-0.0891811460361135,9.01615083948875e-16,0.065771902963081,-6.63339829895132e-16,0.0422244415636248,-8.28975479175241e-17,0.0214649280951858,-7.47457456712005e-17,0.00875066974198647,-2.42165763818437e-17,-0.00287960552004669,-9.52644601609833e-19,-0.00076207692520617,-3.61696777836942e-19,-0.000160419950799571,1.33368041943267e-19,-2.63726161864761e-05,1.59726265892225e-20,3.29349603882527e-06,1.43426190557048e-22,2.9973193584997e-07,-1.47507676423201e-22,1.86373915060182e-08,-7.32794346265337e-24,7.10948140034152e-10,-2.36396634854718e-25,-1.35402617625962e-11,1.06417163043482e-26,7.64816480511299e-14,3.93707386277486e-29
3.85068953319563e-18,-0.00828452490510763,-8.04517981351443e-17,0.185733968709034,-5.66921057421435e-16,-0.633811555658504,1.55244198572768e-16,0.0614941224242141,-6.11137659575767e-16,0.302552092876489,-4.29777741173254e-16,-0.376435845508063,-5.71808225768855e-16,-0.352629363064548,8.13411837885525e-15,0.29386643063509,-8.30585600297695e-14,0.229900952844858,4.67681449123347e-15,0.173013120232739,-4.52936299577544e-14,0.131722074273682,1.08593689596148e-15,0.101427358287876,1.02695629777827e-15,0.0650763391106009,-5.68989300120393e-16,0.0333695087362493,3.88578058618805e-16,0.013826465385132,-1.21430643318376e-16,0.00463818409796946,-9.71445146547012e-17,0.00125250221371606,-5.55111512312578e-17,0.000269060008412247,-2.77555756156289e-17,4.51276621384605e-05,-7.97972798949331e-17,5.74747514967938e-06,-3.29597460435593e-17,5.33232473852928e-07,-1.80411241501588e-16,3.37918474613596e-08,-4.16333634234434e-17,1.31367479186165e-09,-1.21430643318376e-16,2.55085945041869e-11,-9.71445146547012e-17,1.47151431207791e-13
0.00376445834127223,1.28892560348546e-18,0.00390723196782202,2.82512983648772e-16,-0.286843571944221,2.368627961954e-15,-0.60873288626021,5.00443413447731e-16,-0.12085201301255,3.74489936860315e-15,0.162749447646906,5.45187133563574e-15,-0.308896596428297,-5.23120418051975e-15,-0.344183484535888,-8.49321133000494e-14,-0.320783563986244,-2.51032598266547e-17,0.272839278585717,-6.06198266571998e-14,-0.223240108328403,2.40750408291825e-15,0.189224025337326,-2.03759129134045e-15,0.14170553157406,-2.96943823931693e-16,0.0847416374724256,-3.13828674325807e-16,0.0405982894426841,-1.1892488261746e-16,-0.0156221763352814,-5.44437043341822e-18,-0.00480555682290482,-2.39188313782431e-18,-0.00116902851517458,1.01505032912006e-18,-0.000220982212310424,1.3926532858628e-19,3.1606153515207e-05,1.42743134427411e-21,3.28546828868552e-06,-1.89214798038846e-21,2.33112471657113e-07,-1.02169228731728e-22,1.01613233605032e-08,-3.09651034073892e-24,-2.22400011697383e-10,1.78317377154688e-25,1.46738604842805e-12,7.7308505051566e-28
-1.39345522501703e-18,0.007355117744552,3.59560721549122e-17,-0.0328995029206642,2.81842589902343e-16,0.390734891246942,-1.15555622796221e-16,-0.524147204122192,4.79664593634743e-16,-0.258574337036504,2.09467859724199e-16,-0.00924542244308846,1.96023752785379e-16,-0.202963289537844,4.66987559732956e-15,0.296431068929175,-8.06854583146333e-14,0.318244732510416,1.16573417585641e-15,0.298257210042799,-7.84095011141517e-14,0.269552244275645,1.22124532708767e-15,0.245206968460922,1.60982338570648e-15,0.188032279307834,6.10622663543836e-16,0.115298135396811,7.21644966006352e-16,0.056747382953731,2.70616862252382e-16,0.0224190928068103,1.11022302462516e-16,0.00707073159830909,-1.38777878078145e-16,0.00176102753988857,1.38777878078145e-16,0.000340371320564088,-5.55111512312578e-17,4.97209382046633e-05,-1.38777878078145e-17,5.27409507183023e-06,1.11022302462516e-16,3.81608217123742e-07,-1.97758476261356e-16,1.69575689274192e-08,-3.81639164714898e-17,3.78443312274725e-10,-4.44089209850063e-16,2.54985642247174e-12
-0.000687742069243168,-6.72679743688777e-17,0.00973898411068177,2.78191677216221e-16,0.0835281206861214,1.90092781082147e-15,0.480729046745621,4.10653880415897e-16,-0.386997925496832,1.96347981466949e-15,-0.333427472598477,3.77733669690526e-15,0.132895397026076,1.74612223845011e-15,-0.0727955452491763,-5.52181886533228e-14,-0.211299909824001,2.00331800302429e-16,0.28019704048442,-8.23812305697457e-14,-0.302119482625314,3.62851891529517e-15,0.320465156764032,-3.80407741682785e-15,0.299980556753758,-6.86877312799147e-16,0.222682202943283,-8.9170618720388e-16,0.13048964194967,-4.09369023339278e-16,-0.0604894433363164,-2.23939084104812e-17,-0.0221197902480446,-1.16165834063109e-17,-0.00632710244833529,5.76372694431849e-18,-0.00139407876184223,9.17313209575626e-19,0.000230862743566778,1.0841264448433e-20,2.7657066190151e-05,-1.87258564597573e-20,2.25591799029909e-06,-1.09832864987954e-21,1.1308284328044e-07,-3.16708011934499e-23,-2.86022491101892e-09,2.34475890383651e-24,2.21590542747157e-11,1.19556371359759e-26
5.71535481159839e-19,-0.00247067455941767,-1.59740620033708e-17,-0.00695303873664096,-1.09488325795038e-16,-0.155754281052673,4.16130346327093e-17,0.538512709227189,1.86049092798513e-16,-0.214547432012313,3.36970035208495e-16,0.336515441420402,5.20417042793042e-17,0.238838205568686,-5.45397060847108e-15,-0.0606697973054421,1.80411241501588e-14,0.0988138832168736,-3.44169137633799e-15,0.207020270888865,-5.36237720893951e-14,0.276077852732386,1.56819002228303e-15,0.338779412517255,2.88809774706689e-15,0.341446206571439,3.88578058618805e-16,0.267465409964618,1.38777878078145e-15,0.163711903798898,-1.66533453693773e-16,0.0787000247037916,-1.52655665885959e-16,0.029692575562888,1.94289029309402e-16,0.00873062548545872,-8.32667268468867e-17,0.00197207823855988,1.66533453693773e-16,0.000334122221816369,-8.32667268468867e-17,4.08896893761378e-05,6.93889390390723e-17,3.40343818675884e-06,0,1.73981020987646e-07,0,4.48749036263353e-09,-2.28983498828939e-16,3.54988068364701e-11
-0.000105082527173555,-1.54551244944781e-16,-0.00545141488037708,-2.16321395970458e-16,-0.00629002153754463,-9.49080232517749e-16,-0.245023409237035,-1.9882452599892e-16,0.548454698210344,-3.47870715425438e-16,-0.0319487379049079,-1.82834396744657e-15,0.271323935697441,6.80144229485335e-15,0.289399917656531,4.67907424773671e-14,0.173564654597942,3.16518325496759e-16,-0.0236122349436949,-3.02370451041037e-14,-0.109056741165945,1.97120611452608e-15,0.239894752674852,-3.53857044988684e-15,0.3542612465518,-9.41543783420113e-16,0.37119405237621,-1.66172934887451e-15,0.287186433479668,-9.8430410681378e-16,-0.16840461322624,-6.70758360352887e-17,-0.0756781130410836,-4.22933125858185e-17,-0.0260630994817415,2.50579228915515e-17,-0.00681242756879325,4.70040407853645e-18,0.00132400381193557,6.48520628493039e-20,0.000184758737478093,-1.47938504474453e-19,1.74756282578606e-05,-9.42796854137618e-21,1.01468300844332e-06,-2.62158690450372e-22,-2.98439744844611e-08,2.50660839982823e-23,2.73042243456198e-10,1.50972338496665e-25
-1.27906185899043e-18,0.000310823096826053,2.44140503582809e-17,0.00855501872105703,7.51364471950687e-17,0.0352077626319144,1.48750101958734e-17,-0.340649961632364,-7.07179658717448e-16,0.501528684335888,-3.98086938101203e-16,-0.131648966352574,1.9028744291685e-16,0.1542516669137,-3.4506410442576e-15,-0.2758453427438,7.55855704038387e-14,-0.244247921320562,-1.82968190778249e-15,-0.134270857454741,3.67589988392885e-14,-0.00357014998625745,1.33669070325185e-15,0.158674069462009,8.28674386588374e-16,0.324363943298366,1.76286889850641e-15,0.388058181326667,1.65226400461588e-15,0.324153443203472,-4.36096272778804e-16,0.200392111633481,1.32834866618359e-16,0.093760780489181,-6.1678516407044e-17,0.0333721442543906,1.23506740924431e-16,0.00897195192334482,9.54839661186132e-17,0.00178763643695092,-1.1197266681189e-16,0.000255152395112975,-2.28521217363085e-17,2.46454359298659e-05,-1.38661184400409e-16,1.45985576112299e-06,7.50567673613958e-17,4.37908861194837e-08,3.20232280358946e-16,4.09040712200894e-10
0.000135837109082386,-1.08504834131276e-16,0.00158271310675252,-3.19636675330752e-16,-0.00944754578534934,-9.80820110515945e-16,0.0837318115649464,-1.97578400554193e-16,-0.427334456029377,-2.57140552262416e-15,0.398464340490279,-3.35875020534293e-15,-0.248913655069996,-3.19129406998465e-15,0.0122064084395799,5.30128030733863e-14,0.202806107352238,-1.25385369218369e-16,-0.258564918052401,5.82555860162909e-14,0.214628103154954,-2.03009571515818e-15,-0.108696251113111,3.5837291774495e-16,0.0977155417774479,-4.86784325331189e-16,0.31683865138525,-1.76251506064181e-15,0.401533352106782,-1.56966753510066e-15,-0.32871228793529,-1.44014431799573e-16,-0.191858031967496,-1.15590654081908e-16,-0.0823867477740973,8.42925099233763e-17,-0.026164458232254,1.90356771739035e-17,0.00607201986897777,3.11437681688859e-19,0.000999978530630199,-9.54154148046241e-19,0.000110810229370176,-6.61441544641131e-20,7.5146900009407e-06,-1.79959018800661e-21,-2.58822991997746e-07,2.23157214692964e-22,2.81407193021849e-09,1.595850951478e-24
1.88827188751935e-18,0.000170143609556976,-3.32717659496571e-17,-0.00388781727339792,-8.04162600596589e-17,0.00428268711837107,-3.77311362341616e-17,0.152225697203036,8.19001852769279e-16,-0.487384078281866,1.43790515455624e-16,-0.251313769389541,-7.10826690982522e-16,-0.300354993535801,6.16487529596792e-15,0.122563971149643,-3.59326246550408e-14,-0.088100020991561,8.35471159282516e-15,-0.214369351668116,5.55601652162672e-14,-0.249794346683573,-9.5143526371755e-16,-0.202940570459847,-1.41399392110337e-15,-0.0040778984659018,1.26144656955555e-15,0.258037867849437,1.4135362056745e-15,0.399467455031683,-9.14128121072208e-16,0.357533489064092,4.63714539721471e-17,0.220679483511854,-1.0548223053144e-16,0.0987148348228831,1.19949817968339e-16,0.0323876333996895,-3.78763487858969e-17,0.00772543539499661,-6.37299119184663e-17,0.00130329515914133,-2.76562610025633e-17,0.000147609586900557,-1.06682952673732e-16,1.02166533964144e-05,-1.04439162396455e-18,3.58924622175327e-07,3.35337167444425e-16,3.98375399711231e-09
-5.62087773385281e-05,-5.23898906367378e-17,-8.53201134279988e-05,-7.47737596575637e-17,0.00690121621527143,4.34060877215175e-16,-0.0118129022605612,-2.12760092122105e-17,0.236254813805207,1.1029829079381e-15,-0.504538425976776,2.46462575507718e-15,-0.0823519249827701,-5.84805772843339e-15,-0.279325238313077,-5.90074755494425e-14,-0.219505519605883,-3.87800445563688e-16,0.04051420525068,3.48940715373646e-14,0.1256927798937,-2.2295855723879e-15,-0.253221787800774,3.35359245660116e-15,-0.260844427674278,4.96670231546053e-16,-0.0423051524103011,-3.66296792925256e-16,0.260707423363252,-1.37109954499558e-15,-0.410904708165137,-2.08158383999967e-16,-0.34944554021811,-2.32180938157288e-16,-0.198321429472685,2.1864370387833e-16,-0.0792443949209685,6.12589181290664e-17,0.0224747175086166,1.21314076271544e-18,0.00444080089969418,-5.0997636187539e-18,0.000583697734837578,-3.85321538095211e-19,4.66839818897558e-05,-1.04223764175129e-20,-1.89794510819249e-06,1.68304985616041e-21,2.46953918452842e-08,1.43762510616317e-23
-1.74795397006799e-18,-0.000138438702391572,3.03404570949025e-17,0.000956280144478935,7.14701157804654e-17,-0.00921346256030777,3.51294507164533e-17,-0.0435711405031171,-6.36807378508474e-16,0.325793372324474,8.67771093129944e-17,0.468214311354654,1.14321495792071e-15,0.079600243155037,-2.05798724754931e-16,0.194454494134678,-5.06861800896377e-14,0.256969257835033,-1.06880853451528e-14,0.151801607009167,-4.21034734854331e-14,-0.010523152289644,-1.41789249612223e-15,-0.198661490511521,-1.95057118785973e-15,-0.29596133956667,-4.36811502767254e-16,-0.130065844952667,2.24192680479268e-16,0.193884840622967,-5.19888494233955e-16,0.3995108829025,-5.18858502170094e-17,0.372651280297257,-1.67034897198548e-17,0.223354863923944,4.34209417553288e-16,0.0928026900730813,3.84810456069418e-16,0.0271456736262164,-1.46882289317474e-16,0.00550494413625778,2.72466782209185e-16,0.000740302828141241,-1.21857547923793e-16,6.0460206545175e-05,-1.00275148427753e-16,2.50756625690328e-06,-1.27698687128058e-16,3.33032233659135e-08
1.10397961508059e-05,1.14377547980221e-17,-0.000196834796501361,-2.75480805125961e-17,-0.00274958704339569,1.07219092558813e-15,-0.00811389676375803,3.55907954829815e-16,-0.0940729706348889,1.64859188187024e-15,0.406135637802052,1.09240227197809e-15,0.377200801918753,7.93143456482429e-15,0.205096799197588,-1.68999113299712e-14,-0.0685844014785026,3.12779699022837e-16,0.227728546794998,-6.02994578569243e-14,-0.221665584149908,2.0774980972783e-15,0.096475734999683,5.06481183597504e-17,-0.156373407930305,6.27685203002688e-16,-0.311470359987966,1.35348539594149e-15,-0.132066379740964,2.18855324589387e-17,-0.223768319508672,-1.62638097538411e-16,-0.416607635937519,-3.21366691877221e-16,-0.352485667224764,4.27842930106338e-16,-0.187615035874456,1.5585678197368e-16,0.0672206932135577,3.8443535747359e-18,0.0162854820618603,-2.28049101142833e-17,0.00257828592045254,-1.88356646615047e-18,0.000246018957589271,-5.15574595853788e-20,-1.1914779644941e-05,1.0887803721778e-20,1.86992114814229e-07,1.1185412368166e-22
1.12431127181528e-18,5.32102745613151e-05,-1.95157800097865e-17,6.14304843838467e-05,-4.65649936722915e-17,0.00540378004539031,-2.21035398255602e-17,0.000371266895413405,3.70421616226833e-16,-0.162894777571907,-1.67541105263651e-16,-0.460253637583218,-1.26944404288528e-15,0.241681374244675,-7.72859288502778e-15,-0.2709009257348,7.29584171939648e-14,-0.0660879906713409,6.90853624307763e-15,0.141495373809431,-3.55631323001315e-14,0.23502287803059,1.15142270717961e-15,0.192604657856088,1.36988944493543e-15,-0.0618804709793629,-1.48611591782588e-15,-0.302593472601678,-1.06425285251177e-15,-0.199818253968696,1.43548367637081e-16,0.160205860790017,-2.65846372693446e-16,0.403941831825551,1.20834332123509e-16,0.372828669058903,6.0661111550564e-16,0.208663712035322,1.00180280737661e-16,0.0774944330622091,-1.66967134562768e-16,0.019317103542262,1.40946282423116e-16,0.00313298876235316,-7.94720192431875e-17,0.000305448128991442,-1.6826817716975e-16,1.5093825047113e-05,-1.52330405234213e-16,2.41758040558896e-07
2.33111352974726e-06,-1.03829840013641e-16,0.000132698123005179,-3.1248379667563e-16,0.000549596123007204,-7.54431980441979e-16,0.00814488139584804,-4.40376638694416e-16,0.020883927776392,-1.62610290026793e-15,-0.24477750611594,-1.67732824605518e-15,-0.472537837457236,-9.51472481834862e-16,0.082611336005442,7.05711388433838e-14,0.26610484345478,2.58550795937259e-16,-0.175382990047687,-7.43707124513341e-15,-0.0243061053342413,1.38056666837727e-15,0.213114137558459,-3.12937698101943e-15,0.24430975512433,-4.03896511535637e-16,-0.0406735010508302,8.36023546928955e-16,-0.313753668059044,1.27005523582854e-15,0.171045659349345,2.09326206462895e-17,-0.221607343537687,-2.47708648648437e-16,-0.425452190542764,5.95898488642202e-16,-0.337954329059232,3.07427495064674e-16,0.161196623917568,9.86212650681464e-18,0.0493492686782118,-8.57614287014787e-17,0.00959770649023538,-7.77510995508569e-18,0.00110801430973995,-2.1973320998897e-19,-6.46106947147876e-05,6.09640510107687e-20,1.23394242006233e-06,7.59276390944574e-22
-4.72027411228512e-19,-9.2203055482224e-06,8.30075599940356e-18,-0.000205710205621997,2.04487255122736e-17,-0.00193137125536099,9.47374587768413e-18,0.0090899118144842,-1.5514308401469e-16,0.0575238555082871,1.37418390197801e-16,0.32916960904852,1.11152406723214e-15,-0.433081749819634,1.20770906296419e-14,0.0718150562052827,-1.99501873354713e-14,-0.195580021288983,-2.13370987545147e-16,-0.232149264583164,6.25211687976801e-14,-0.0957769320028475,9.5062846483529e-16,0.135181948962982,1.29323635134071e-15,0.277176529832507,6.56592835657221e-16,0.0482858036000616,-1.00180280737661e-15,-0.286946549201202,4.23272528138341e-16,-0.225104656872936,-7.89299181569447e-17,0.166009818229301,3.11599704372334e-16,0.416832015694223,6.40546643504436e-16,0.357051324548144,6.59194920871187e-17,0.178004694493973,-4.85722573273506e-17,0.0562707908733545,6.09755301805848e-16,0.0112300935210026,-3.38271077815477e-17,0.00132564307634795,-2.1163626406917e-16,7.88908596694624e-05,-2.64545330086463e-16,1.53745868477494e-06
-3.16556648507026e-06,2.90890593515325e-16,-4.88147523583256e-05,-7.62574899726827e-17,0.000144723077884693,-3.69717743188704e-16,-0.0041973896968647,1.93919636934294e-16,0.00510548385292597,-1.97560295612151e-16,0.112264774970041,-1.9487574800716e-16,0.401270034282861,-8.2408612574512e-15,-0.341398005788696,-5.23673582189244e-14,-0.19217372953639,-5.75330752214994e-16,-0.0797843187611196,6.23669385217015e-14,0.227127372617965,-2.73208210241222e-15,-0.188386672514465,1.10618706209095e-15,0.0873762310098048,-5.27562141862757e-16,0.289402862404574,-1.15848359195124e-15,0.0278451125951726,5.03792055325659e-16,0.312717621100593,1.65583187502116e-16,0.167186247879463,2.39756046774179e-17,-0.256385869675891,4.95777279224396e-16,-0.433256805699017,4.4842740831849e-16,0.303385168754448,2.01615772583805e-17,0.122834335860379,-2.71503401646213e-16,0.0301337168160462,-2.7170842076124e-17,0.00428315980676971,-8.1133158147029e-19,-0.000304558572606836,2.973736684477e-19,7.15007073390539e-06,4.53134857556966e-21
4.07694059472659e-20,-3.37389340741976e-06,-8.79067998017254e-19,0.000122542680506899,-2.81555281951463e-18,0.00027997711720796,-1.54371754637096e-18,-0.00693849685007239,3.03458023683326e-17,-0.00793727686705203,-7.29058198360721e-17,-0.183289685848483,-8.11389800833839e-16,0.444619656091828,-1.18683275013298e-14,0.20835776210475,-5.58075721052154e-14,0.25495623067669,-5.27355936696949e-15,0.0498099513283578,-1.67088565206086e-14,-0.163210705913236,-1.6306400674182e-15,-0.245089371066709,-1.94982918699793e-15,-0.0101109749463102,1.55084278752327e-15,0.282697362304123,7.28583859910259e-16,0.101548875098003,1.2490009027033e-16,-0.284881611280572,6.24500451351651e-17,-0.214808865354312,4.68375338513738e-16,0.211009735679383,3.29597460435593e-16,0.431462286321913,-2.77555756156289e-16,0.321320843799069,1.66533453693773e-16,0.135101878196581,1.20736753927986e-15,0.0340894272413078,2.22044604925031e-16,0.00495926044110016,-1.66533453693773e-16,0.000359989316611805,8.32667268468867e-17,8.6229959542446e-06
1.54403844480677e-06,2.11570136575369e-16,7.54015712680304e-06,-1.60929419671547e-16,-0.000203226343567024,1.05871484565773e-15,0.00135383436514341,3.65693683702223e-16,-0.00886848666666331,1.72519500861819e-15,-0.0343705243512756,1.99833158031429e-15,-0.263878620503669,1.35011132720463e-14,0.444938834197662,-1.32147413769526e-14,-0.0554161878843908,2.63005523416108e-16,0.248885343002316,-4.30027457853275e-14,-0.159715487154159,6.64825739100903e-16,-0.0836853662780696,2.36747681143239e-15,-0.269011348719202,5.59583662538044e-16,-0.0174521588742855,-6.76768173399406e-16,0.295178629954546,-1.09192667322521e-15,-0.0410264432770226,6.19546342306899e-17,0.323473000808309,2.50150656158488e-16,0.120467125132126,3.65293174688114e-17,-0.320811628942841,4.26040843032688e-16,0.427035095283397,3.1707124887931e-17,0.247332826150502,-7.20954864196443e-16,0.0794949469841623,-8.02738477427942e-17,0.0142302388574975,-2.60253501423421e-18,-0.00125296772359474,1.26909702965292e-18,3.65859438552344e-05,2.39140074267776e-20
1.45225825399251e-19,3.77787756240037e-06,-2.35036422739797e-18,-4.2950204928432e-05,-5.07304244850607e-18,0.000191690493807134,-1.84314369322536e-18,0.00326251219340521,2.07590834713084e-17,-0.00755790082589793,2.16027282867737e-17,0.0774041365692097,5.08165558243956e-16,-0.342367498706705,8.92992277345961e-15,-0.394359996573491,1.06244874009676e-13,-0.0893113366049614,7.02216063075412e-15,0.179016108730112,-4.47142323167782e-14,0.224497673505595,3.33066907387547e-16,0.0264721617333074,1.66533453693773e-16,-0.258198667207871,-1.38083988687754e-15,-0.098131695688451,1.02695629777827e-15,0.276754012978368,-5.13478148889135e-16,0.103104760244464,3.7470027081099e-16,-0.303904441324128,-1.85181731060524e-16,-0.165754479781671,6.93889390390723e-17,0.287584415048764,-3.33066907387547e-16,0.432462502866391,1.11022302462516e-16,0.262933907423398,2.35922392732846e-15,0.0872295498369836,1.2490009027033e-16,0.0160027763470073,-3.88578058618805e-16,0.00143898774077027,6.93889390390723e-17,4.28653733766838e-05
-4.15580141701682e-07,-2.76060256856143e-16,4.10108290129248e-06,5.28165930415408e-16,0.00011198565461841,-9.26710360055453e-16,-0.00010396012405889,-3.56239785290794e-16,0.0058327380410198,-1.59467204672822e-15,0.000533612658957286,-1.97037319331711e-15,0.13752778951376,-1.32595958080202e-14,-0.403609302137719,7.80880407204912e-14,0.294904772103876,4.20950265810571e-16,-0.197098919618731,-1.99555382079945e-14,-0.0688738421279445,2.06399475130144e-15,0.248348543117602,-2.73719004988657e-15,0.0770165621952819,2.24476917731418e-16,-0.267476692343248,1.2786121305291e-15,-0.0589726765318525,-4.56836376868369e-16,-0.299863705971566,-1.34778076843478e-16,-0.00180262798331688,1.26960366144997e-16,0.336752071584254,-4.24330889833576e-16,0.0240590253868481,1.34442971781872e-16,0.395899405010756,3.52640444194797e-17,0.39015038070177,-1.59021747325808e-15,0.174468560049979,-1.99272119496378e-16,0.0405612628086117,-7.25097869055541e-18,-0.00450785629313596,4.74983410616552e-18,0.00016597932948982,1.12074660255392e-19
-1.69602217665729e-19,-1.84310202241537e-06,2.8132842766847e-18,5.47456547635474e-06,6.38965094025569e-18,-0.000195357101206402,2.41446741614838e-18,-0.000943965831867379,-2.9834194468191e-17,0.00819125764747062,3.65918233213858e-18,-0.0195658778062965,-2.76905234852798e-16,0.211057854617979,-5.4522358849951e-15,0.431938587535722,-1.16265504168656e-13,-0.159780201447666,-5.70377078901174e-15,-0.246417634516512,6.52811138479592e-14,-0.0544073243730894,1.11022302462516e-15,0.21571057344543,1.30451205393456e-15,0.160078480571877,-2.70616862252382e-16,-0.233080000868078,-1.24206200879939e-15,-0.12344609413996,-2.15105711021124e-16,0.285494627192967,-2.77555756156289e-17,0.0559337317206392,-2.08166817117217e-16,-0.33067222357768,-4.44089209850063e-16,-0.0669443429877956,-1.66533453693773e-16,0.376459645470437,5.55111512312578e-17,0.400832407243643,3.99680288865056e-15,0.18614474329467,-5.55111512312578e-17,0.0444364073485502,-2.22044604925031e-16,0.00504621536582643,3.33066907387547e-16,0.000189530047839097
-1.37172396917009e-08,1.04478621591739e-16,-4.21022806220651e-06,-7.53759789464698e-16,-3.77228873371858e-05,2.12665603517221e-16,-0.000215716985736391,-3.54927521264148e-16,-0.00255052586913078,-4.16758986048941e-16,0.00846420198502528,5.20926452726396e-16,-0.0533029494260736,9.06698411526855e-15,0.289415230636173,-1.12046576705163e-13,-0.415190217973178,-1.09556129336259e-15,-0.012079919066204,6.44306149392701e-14,0.232838141376749,-2.72969821260185e-15,-0.14968502442623,5.41620572948e-17,0.201944653610418,-6.87559497830018e-16,0.155212129574979,8.21981392695119e-17,-0.263230222924813,1.11615062670932e-15,0.0413298390361601,-6.26019446274677e-17,-0.304324348944419,-1.77314364802993e-16,0.0875912581291777,-3.20104722137816e-16,0.322702659300501,-2.58743254492505e-16,0.123552405300919,2.05383306393375e-17,0.448488312018308,-2.85703918827315e-15,0.312316874163332,-4.10247421184038e-16,0.0986292581997434,-1.74829594065649e-17,-0.0141811891248479,1.55972646573646e-17,0.000669358169230015,4.67774762230586e-19
1.24655963215376e-19,5.12416508842545e-07,-2.08162441331776e-18,4.77557299509445e-06,-4.79858061253852e-18,0.000101784159692359,-1.81085056211129e-18,-1.18573043805291e-05,2.22925307431939e-17,-0.00489289410274172,-9.63415274207041e-18,-0.00366908646178306,1.31927075600752e-16,-0.103675642336469,2.71411040343728e-15,-0.359640886662773,9.63662743352911e-14,0.348694641529565,3.19579432361827e-15,0.120094972379694,-3.37230243729891e-14,-0.162600182784154,-1.11022302462516e-15,-0.223026576722791,-8.74300631892311e-16,0.133174901391524,1.0547118733939e-15,0.209749996292396,-2.22044604925031e-16,-0.230428163365138,6.66133814775094e-16,-0.096153509099275,-3.88578058618805e-16,0.30206745752275,-2.77555756156289e-17,-0.0418542520893602,-3.33066907387547e-16,-0.332181146919982,5.55111512312578e-17,0.0869009144819265,-5.55111512312578e-17,0.442802429264412,4.32986979603811e-15,0.324444606091631,3.88578058618805e-16,0.105529523492167,0,0.0155163800301165,-8.32667268468867e-17,0.00074701792885363
8.81707969498263e-08,1.83790566278502e-16,2.08799012964481e-06,7.38874128424303e-16,3.77230014652359e-06,7.45137495722955e-16,0.000185360047470043,1.11682863720447e-15,0.000652375498370022,2.40365344846199e-15,-0.00738855518021343,1.18125821939816e-15,0.0100212403478435,-4.16974699589758e-15,-0.169252782124056,1.11532572788395e-13,0.40642828925212,1.26920866479842e-15,0.238142190954347,-5.7898149092876e-14,-0.211937478422954,1.04373456764561e-15,-0.0865700795943616,2.69837609466958e-15,-0.249154708476888,3.7075094205429e-16,0.155520325598136,-1.26156703291015e-15,0.165968514099726,8.3900435456667e-17,0.27725794809243,1.53758834485863e-16,-0.031457735218896,-1.29679139836341e-16,-0.281565020693453,2.67178056932025e-16,0.213209954639677,-3.44000744615932e-16,-0.237323185878999,-9.38729546924251e-18,0.299177521860966,-4.02072664755881e-15,0.438404281971999,-6.83031635574577e-16,0.202320549125471,-3.61698039588229e-17,-0.038912992445631,4.48638730423261e-17,0.00240252183138106,1.74145884969256e-18
-6.96676327310536e-20,1.19597825445319e-08,1.16669524061419e-18,-4.50924485566314e-06,2.70595262912227e-18,-3.30271685060086e-05,1.02321580028319e-18,0.000226414462425876,-1.21955803745674e-17,0.00201027613344487,6.42389787197661e-18,0.00859056950400158,-5.41016884070267e-17,0.0365238484396445,-1.05384451165591e-15,0.244104850204465,-6.48205447650874e-14,-0.415578220661317,-1.19348975147204e-15,0.100056949091561,-2.50355292052973e-14,0.247806650728537,-1.66533453693773e-16,0.0183472022271806,-5.82867087928207e-16,-0.266659500891944,-1.45716771982052e-16,0.092082612799406,1.11022302462516e-15,0.208716510298806,-5.55111512312578e-17,-0.256654744820506,0,-0.0158347516884363,3.88578058618805e-16,0.294585051040402,-2.77555756156289e-17,-0.180501988371275,1.17961196366423e-16,-0.260018415769215,-6.93889390390723e-17,0.274294961848504,3.02535774210355e-15,0.443207496591591,5.82867087928207e-16,0.211847440366754,6.93889390390723e-16,0.0417170148907625,1.11022302462516e-16,0.00262706066166899
-5.74317124623481e-08,-1.04084061966951e-16,-6.10499100798678e-07,-4.74452691102471e-16,5.28263031257418e-06,-1.27342420871371e-15,-9.27812222654972e-05,-1.21122098512774e-15,8.78327852208993e-05,-3.74210514411598e-15,0.00412084041420533,-2.6306710284364e-15,0.00599993666277728,-1.58960986232447e-16,0.0786231054926336,-8.8943848271402e-14,-0.317592701472427,-1.28916841449717e-15,-0.377867174488937,1.01630433489208e-14,0.0389879128517511,1.52442752372516e-15,0.248870550533419,-2.90067697027296e-15,0.0460908423100028,2.86474593881331e-16,-0.269096807695747,6.96617341833347e-16,0.161749717948808,-1.10782630781647e-15,-0.122943306902939,5.17225697166375e-17,0.289912277686834,2.04863803141052e-16,-0.150513503618429,4.50050237869019e-16,-0.18805422715131,1.42704569700429e-17,-0.326230470779324,-3.10043240841774e-17,-0.0465314304876569,-4.0469415829078e-15,0.440311930707816,-8.73547212091487e-16,0.343033215751919,-6.32288020547307e-17,-0.0926282290426314,1.12563439234115e-16,0.00767389555619694,5.78466856197514e-18
2.94022124213798e-20,-1.12098455580921e-07,-4.93071609794897e-19,2.24883652527675e-06,-1.14389152548733e-18,2.30143839193658e-06,-4.43739385242847e-19,-0.000175004827764448,4.89246230334084e-18,-0.000443295163924773,-1.70761842166467e-18,-0.00660414940023874,1.88651178012478e-17,-0.0038288419168288,2.62160085306995e-16,-0.136473863968359,3.56130056000659e-14,0.375774919014064,3.46944695195361e-17,-0.293027482876692,7.79515341164938e-14,-0.155464810112684,8.88178419700125e-16,0.199513639397353,1.99840144432528e-15,0.12274085952717,-1.11022302462516e-15,-0.270219345162757,-4.44089209850063e-16,0.112518159290598,-6.24500451351651e-16,0.163288761166984,3.22658566531686e-16,-0.286426132410003,5.20417042793042e-17,0.11442736426915,2.4980018054066e-16,0.213894104392312,5.55111512312578e-17,-0.312421757401342,-1.66533453693773e-16,-0.0745243291167599,3.81639164714898e-17,0.430523535002418,4.82253126321552e-16,0.351980905022179,1.31838984174237e-16,0.0975073408462373,0,0.00823993155296392
2.21967972462849e-08,1.10945043242855e-17,1.00070989298672e-09,4.38219978429015e-16,-4.73601775594825e-06,1.97897736633519e-15,2.91431238521513e-05,7.5018017084298e-16,-0.000229341073178335,3.98128144412429e-15,-0.00160031666009096,3.34613624786075e-15,-0.00833766287729116,2.75323496335769e-15,-0.0247523073555981,5.96200779917389e-14,0.206204755833868,1.01926594920886e-15,0.403742852791137,4.79465864121652e-14,0.175685636229192,-3.28231060953413e-15,-0.226192509007799,8.94837766545041e-16,0.194987614826008,-4.89553671080169e-16,0.0840494591549412,6.96021097735884e-16,-0.265481911334617,6.19259007073641e-16,-0.213024070742274,-9.41292674940657e-17,-0.0206474194883916,2.16606859481318e-16,0.253328943642758,-3.26404256610508e-17,-0.274430323228614,3.20496873832415e-16,-0.00488107902817672,-1.98697373670609e-17,-0.332038468580307,-2.08026341340724e-15,0.225012495286824,-7.5062842718822e-16,0.462213741056407,-9.05690764483334e-17,-0.189420345150654,2.44477593711981e-16,0.021774989974644,1.71238967971144e-17
-7.3265454805353e-21,7.73804314748072e-08,1.22914075941705e-19,-6.78495078602704e-07,2.8047378465958e-19,5.6878058508802e-06,1.24937359720009e-19,8.50518508768398e-05,-1.02130997615187e-18,-0.000137687778015998,-1.4772254600115e-18,0.00349653695800327,-6.11218974738703e-18,-0.00722808242011908,1.56125112837913e-17,0.0599988481618556,-1.50439556645399e-14,-0.279575701804153,3.88578058618805e-16,0.389903045343942,-1.05609965217468e-13,-0.0430715520318879,1.11022302462516e-16,-0.263249451586844,-2.13717932240343e-15,0.132988822465409,1.22124532708767e-15,0.138125234103625,-5.34294830600857e-16,-0.271056997229512,5.06539254985228e-16,0.180519762667253,-1.38777878078145e-16,0.0588680300109292,-2.77555756156289e-16,-0.267375244440639,9.71445146547012e-17,0.256345413038003,-1.52655665885959e-16,0.0243244345660264,4.85722573273506e-17,-0.338570384088211,-3.01147995429574e-15,0.203046983578171,3.46944695195361e-16,0.464804394912984,4.9960036108132e-16,0.196161456099815,2.22044604925031e-16,0.0230070232105125
-3.85667222880788e-09,-2.07017742988683e-16,1.29943530035737e-07,-3.25161792349872e-16,2.38690709406197e-06,-1.89396448410578e-15,-1.14205656765937e-06,-3.57384222413055e-16,0.000165232327069487,-2.87676329056949e-15,0.000292571166709083,-3.38882826342029e-15,0.00589287449478087,-4.10117336951687e-15,-0.000198874837359747,-3.35055015316539e-14,-0.110729443371664,-1.16479858587896e-15,-0.344144221371467,-8.97172633834996e-14,-0.333734359322728,3.67087153636097e-15,0.050745346554221,2.21248037638757e-15,-0.272655722011117,2.17344231166704e-16,0.18067240867416,-1.54526280509105e-15,0.0444422834521271,6.39532969475466e-16,0.231259836179887,-4.1110777557634e-17,-0.271041811925725,-2.14241293077149e-16,0.133981374940561,-2.93882668576372e-16,0.113019040622438,3.50474737139502e-17,0.307191775893077,5.34757800288149e-19,-0.247361199657083,1.21061709753554e-15,-0.135467042250593,-2.03771123113178e-16,0.452440054095901,-1.00652828009214e-16,-0.327243578240851,4.5362083523094e-16,0.0546923725543111,4.50588559363559e-17
-1.62679930860185e-21,-3.2251034115885e-08,2.73929131653061e-20,1.03756314947318e-08,7.03037346221069e-20,-4.91008843769977e-06,7.82181987230143e-21,-2.59717689288154e-05,-4.57397791517322e-19,0.000227961349167897,2.54448697355192e-18,-0.00128799636231853,2.65629532258949e-18,0.00791717071195877,-6.21247844834194e-17,-0.0164109664626675,3.51454976232901e-15,0.174970056369635,-4.40402922463612e-16,-0.385607354705077,1.0547118733939e-13,0.24059742555815,-2.47024622979097e-15,0.144569887086697,1.33226762955019e-15,-0.270860616371921,-3.33066907387547e-16,0.133795630293427,7.21644966006352e-16,0.0877476921761018,1.66533453693773e-16,-0.247667414499652,-1.45716771982052e-16,0.258112608866523,-1.66533453693773e-16,-0.104707300339422,-8.32667268468867e-17,-0.137925712576827,2.22044604925031e-16,0.310592846535866,-2.22044604925031e-16,-0.228579626393506,-1.99840144432528e-15,-0.154291020162918,-1.66533453693773e-16,0.444284031784733,4.71844785465692e-16,0.3339164577837,-6.93889390390723e-17,0.0569700689450455
-1.92755816322245e-09,1.93555868257158e-16,-9.64863144347788e-08,3.05714548157765e-16,-7.46073251594928e-07,1.43778942035343e-15,-5.99267562647767e-06,1.34811657508003e-16,-7.85917850623514e-05,2.34738594458676e-15,0.000170054944653766,2.59732561950131e-15,-0.00299261826666918,3.60252915670056e-15,0.00780319548219323,1.58157544073684e-14,0.0459891461693304,1.15787073421303e-15,0.246430405854248,1.04001827376975e-13,0.392454504268899,-2.38089757519606e-15,0.167327588919232,-3.81650496468801e-15,0.145327218355746,6.56791376091163e-16,-0.271601229727757,9.93359038373235e-16,0.219259805078644,-9.78682019181995e-16,0.0593703058932661,1.29736737273762e-16,0.128382665800902,1.26918438305705e-16,-0.263038034251453,3.99918282216231e-16,0.27433798829526,-2.89083730225044e-16,0.127324147393499,-8.67959266163962e-18,0.138326468954677,3.25089901167955e-15,-0.359554805255036,4.96950160077483e-16,0.231600256180747,-7.04814046354974e-17,-0.463445863228472,7.03327985276917e-16,0.120841572362144,1.04810031455557e-16
3.56538108465083e-21,6.92575384201497e-09,-5.99573595202937e-20,1.4472377116858e-07,-1.45160271335706e-19,2.5014176929284e-06,-4.02870045537827e-20,2.33457074656826e-07,7.08119543904595e-19,-0.000156437920022983,-2.28190675990309e-18,0.000182841205147146,-1.95156391047391e-18,-0.00527278371579469,3.66189283756979e-17,-0.0028357679431139,1.39298295120938e-15,-0.0906478486579919,3.26995375221628e-16,0.314118480754711,-8.6534945875627e-14,-0.361184965465559,4.9960036108132e-15,0.0698556647704271,-3.33066907387547e-16,0.195119028508847,-4.9960036108132e-16,-0.2700886770734,-1.66533453693773e-16,0.190802015207393,-7.21644966006352e-16,-0.0252140924159062,4.16333634234434e-16,-0.15296638497405,2.22044604925031e-16,0.26968358657482,-8.32667268468867e-17,-0.262736313142088,2.77555756156289e-17,0.10555081036437,2.4980018054066e-16,0.156043499179685,6.66133814775094e-16,-0.359864819546002,-2.77555756156289e-16,0.215584282552993,4.9960036108132e-16,0.466475261405494,-5.72458747072346e-16,0.124315946080163
2.25586175921514e-09,5.25049982142278e-17,4.35253108443857e-08,-2.33330524853807e-16,2.4956452592685e-08,-8.6884658674494e-16,5.05202041447659e-06,-2.14702523338231e-16,2.34299852007028e-05,-1.07173384750192e-15,-0.000224264192499681,-1.79001778677357e-15,0.00104744894605936,-2.64111649217469e-15,-0.00744228972055215,-4.95090080043781e-15,-0.0104861846389296,-1.31838984174237e-15,-0.150009626553662,-9.50767242713368e-14,-0.361423609028679,6.10622663543836e-16,-0.324568356356889,3.94129173741931e-15,0.0845670459895314,-9.43689570931383e-16,0.127394004032721,1.66533453693773e-16,-0.245446054544821,3.12250225675825e-16,-0.265251694873363,-1.11022302462516e-16,0.196438793867957,1.11022302462516e-16,-0.0595247331684687,3.33066907387547e-16,-0.110260052183358,-5.55111512312578e-17,-0.259300707087396,0,0.315550365488957,1.77635683940025e-15,-0.199685986508607,7.07767178198537e-16,-0.129254924362731,-1.38777878078145e-17,-0.505581378290516,8.71264865809351e-16,0.232560759584181,2.14170586647355e-16
-2.78926261807742e-21,1.98977791034698e-09,4.69108601039542e-20,-1.13388386342542e-07,1.12982221724357e-19,-8.07993813834598e-07,3.36608742569266e-20,6.23138710676973e-06,-5.17206258527356e-19,7.33050829898672e-05,1.54866739515648e-18,0.000191271336240892,1.73514699245043e-18,0.00259110163871371,-7.71915165764971e-18,0.00800829494870968,-2.53146771391761e-15,0.035686965680052,-1.93306471090587e-16,-0.218063691270322,6.04660547801927e-14,0.382939865729311,-6.42092675660862e-15,-0.262442434597627,-4.27593530119757e-16,0.0222243910914963,8.11236512924711e-16,0.161888157922948,-4.8135438255627e-16,-0.254470667143773,4.18072574501636e-16,0.255795277990841,-2.15498351451879e-16,-0.176269601065291,2.71804777527326e-16,0.0366191283507706,4.99625798054883e-17,0.128377440075791,-5.60298320251527e-17,-0.266793588367327,8.14359860629202e-17,0.310140980176909,2.61523168458685e-15,-0.184942805727024,-1.79242958943838e-17,-0.142277317614479,7.47506904366611e-16,0.501966677299686,-4.05383197654716e-16,0.236686278315461
-1.25796409542188e-09,-1.03747966967883e-16,-1.12372059586052e-08,1.52988721887797e-16,1.55796184873239e-07,1.4611826559905e-16,-2.61180578664513e-06,2.49967893064217e-16,4.31211458506013e-07,2.09413649615575e-16,0.000148984131556353,1.11840875102742e-15,-0.000106010286004918,1.46237189024845e-15,0.00475546303827489,-3.78169717762944e-16,-0.00427871518612555,1.36002320516582e-15,0.076228459621411,7.2025718722557e-14,0.277038812303928,1.19348975147204e-15,0.371730095301938,-2.99760216648792e-15,-0.27451619356932,9.85322934354826e-16,0.119558204195777,-8.32667268468867e-16,0.0292948431635285,3.88578058618805e-16,0.15218069996364,-2.77555756156289e-16,-0.237128686095604,3.46944695195361e-16,0.273093606145865,5.55111512312578e-17,-0.249931241936647,2.22044604925031e-16,-0.160792220192773,-2.4980018054066e-16,0.00720986293445809,-1.88737914186277e-15,0.1904017086178,5.55111512312578e-17,-0.368818536319771,8.32667268468867e-17,-0.356515587628647,7.7715611723761e-16,0.383378241966312,3.77302356024956e-16
1.53082697050009e-21,-3.08467753028749e-09,-2.57478577220912e-20,5.44014441135706e-08,-6.19558278802218e-20,4.21861497950696e-08,-1.8578476557941e-20,-5.18615007305501e-06,2.74438674910393e-19,-2.15906186263138e-05,-8.2331602473118e-19,-0.000219721393898592,-1.05370898638435e-18,-0.000872635339942485,-6.47016531393444e-18,-0.00695887111813666,2.05642040950753e-15,-0.00675003908731343,9.03411460223547e-17,0.12949185895878,-3.60336427176586e-14,-0.326025993567841,6.54320226346599e-15,0.354225088243458,4.72508888122363e-16,-0.232814306617903,-7.608456517211e-17,0.0817454751588424,4.71414094560268e-16,0.0572866221457243,1.96766194020532e-17,-0.169390753340817,-3.80731302479248e-17,0.243873898960743,-5.74647943270259e-16,-0.270494131351536,1.94590053436472e-16,0.239998212351587,-5.35103776274988e-17,-0.146567393180156,-9.93234701185209e-17,-0.00721508194874068,3.07621377933114e-16,0.20018847267842,5.70162949260934e-18,-0.369485518346502,2.71927973172814e-16,0.347341454302643,-7.75855075693046e-16,0.386643345581082
4.47946136744733e-10,-2.28084796871902e-17,-1.28367264774791e-09,-2.34683587195152e-16,-1.28815469483672e-07,7.25882883599702e-17,8.92007664324084e-07,-2.5737223157264e-16,-6.2286280105499e-06,-4.89347874287754e-17,-6.99363552055378e-05,-4.19233875045832e-16,-0.000189889518764641,-6.66675915861337e-16,-0.0023030452471144,1.60722130049251e-15,0.00732205696711396,-1.22991894446756e-15,-0.0302552592777417,-4.56822080163732e-14,-0.177853107974794,-2.16493489801906e-15,-0.316615591372216,1.55431223447522e-15,0.334560469729506,-5.82867087928207e-16,-0.287634235129039,5.41233724504764e-16,0.215525884449746,-5.96744875736022e-16,0.130074746103413,2.77555756156289e-16,-0.0363920973587296,-1.11022302462516e-16,-0.0609620113587062,1.11022302462516e-16,0.155952927208886,2.08166817117217e-17,0.239691028427469,0,-0.298612398090903,-2.38697950294409e-15,0.311233016080218,-4.71844785465692e-16,-0.24123334067509,1.11022302462516e-16,-0.0192652164348199,3.33066907387547e-16,0.52697211451608,5.68989300120393e-16
-6.11816385256604e-22,1.91858320919814e-09,1.02928151571505e-20,-1.62150701083594e-08,2.47748865265757e-20,1.60004738995356e-07,7.53726974158319e-21,2.73430238859628e-06,-1.06990849150059e-19,-4.50022111120861e-07,3.28754662653075e-19,0.00014194518652935,5.38712954453735e-19,7.38006883777795e-05,8.46355320896497e-18,0.00426726418089536,-1.21430643318376e-15,-0.0042972467837642,-3.55008448853222e-17,-0.0641845181912476,1.78936726547008e-14,0.228434265740854,-5.33947885905661e-15,-0.329276284714287,-3.01841884819964e-16,0.322123473233361,-5.48172618408671e-16,-0.268620487808179,-1.45716771982052e-16,0.195604074556684,-5.89805981832114e-16,-0.111250179635886,3.60822483003176e-16,0.0198137348846047,-1.2490009027033e-16,0.0743779000720096,1.31838984174237e-16,-0.165408533486556,2.08166817117217e-16,0.24454906455477,-3.05311331771918e-16,-0.298528573025391,-2.06779038336435e-15,0.306401565339271,-6.93889390390723e-17,-0.232853385486721,-6.93889390390723e-17,0.0105755562338336,-6.38378239159465e-16,0.527501518544672
-6.96484427218855e-11,5.57857998032487e-17,3.30702052821976e-09,2.62540484164012e-16,6.43093285010555e-08,-1.70001524217188e-16,-1.20146844370014e-07,1.54740213969152e-16,4.8033903724657e-06,-2.31588972174693e-16,2.2349165784121e-05,2.05889992554997e-16,0.000181108592726881,4.32921927473462e-16,0.000804689843736303,-1.53371239319799e-15,-0.00530212645843504,1.02869102125425e-15,0.00760934882037239,2.31724361920982e-14,0.0911155608230381,1.9151347174784e-15,0.201923075842606,-4.16333634234434e-16,-0.260937413143846,2.22044604925031e-16,0.28323914543987,0,-0.288678516206551,1.11022302462516e-16,-0.283092033012519,-1.66533453693773e-16,0.267469299336556,-1.23165366794353e-16,-0.241107346985318,6.93889390390723e-17,0.20240909848144,-1.94289029309402e-16,0.148994336233281,-1.11022302462516e-16,-0.0774833598773206,3.33066907387547e-16,-0.0170892364488428,-2.22044604925031e-16,0.142644160237316,-2.77555756156289e-17,0.313795219325553,-3.33066907387547e-16,0.566654528840781,6.66133814775094e-16
1.46759935242807e-22,-7.80850637410069e-10,-2.4697545139302e-21,6.76750580277416e-10,-5.94908296548138e-21,-1.31776852673089e-07,-1.81979734761666e-21,-9.9156661047976e-07,2.47757137071883e-20,5.22647299649319e-06,-8.00446135155314e-20,-6.4911410510466e-05,-1.62630325872826e-19,0.000145179877762547,-5.58364118830035e-18,-0.00195747436284206,5.38197958421804e-16,0.00547428096219472,8.45677694538693e-18,0.0246121904766265,-6.8660355179162e-15,-0.126336560602858,3.3584246494911e-15,0.222261292616983,9.71445146547012e-17,-0.266057535592382,7.21644966006352e-16,0.282246238166091,-8.32667268468867e-17,-0.284839660525764,7.7715611723761e-16,0.27752365123211,-4.44089209850063e-16,-0.260690398407443,7.21644966006352e-16,0.233472054750898,-3.33066907387547e-16,-0.194249990176417,-5.55111512312578e-17,0.140686162214164,1.11022302462516e-16,-0.0694869722811303,-7.7715611723761e-16,-0.0241770811714939,1.11022302462516e-16,0.148008945509771,-4.44089209850063e-16,-0.316227015587385,-4.44089209850063e-16,0.563988797010827
-2.13596404053868e-11,-1.07778353527543e-17,-1.71049139202769e-09,-1.66839039027469e-16,-1.92200942620993e-08,1.44692590034813e-16,-5.43085709643728e-08,-8.85574005145555e-17,-1.93828258598802e-06,1.9077299554535e-16,-3.30471896668222e-06,1.76182853028894e-16,-8.10784687529237e-05,-2.04643160056639e-17,-0.000152837585135524,6.75457953458469e-16,0.00217128521787925,-7.63278329429795e-17,-0.000221823030034033,-7.67268193424542e-15,-0.0304553066010425,-7.49400541621981e-16,-0.0804301758522223,1.38777878078145e-16,0.118007366259446,1.66533453693773e-16,-0.144499502641468,-1.94289029309402e-16,0.166997630659397,1.11022302462516e-16,0.188289776284586,2.77555756156289e-16,-0.209453136435126,4.44089209850063e-16,0.231004776899241,2.77555756156289e-17,-0.253267116729836,2.22044604925031e-16,-0.276509325123821,-1.11022302462516e-16,0.301026671019854,2.72004641033163e-15,-0.327219253528094,9.71445146547012e-17,0.35572808874503,-2.63677968348475e-16,0.387785661123697,-3.88578058618805e-16,0.426622107930771,9.99200722162641e-16
0,1.82704841127898e-10,0,1.84423597633974e-09,0,5.40428297633253e-08,0,1.95947201769853e-07,0,-3.01667403817772e-06,0,1.83732167865409e-05,0,-9.80169575578489e-05,2.11858657594775e-18,0.000568294091622593,-1.49791194648041e-16,-0.0027362195005889,-0,-0.00574501642920473,1.6000978518735e-15,0.0451907646365918,-1.33869730719897e-15,-0.0920578789908187,1.35728893080194e-17,0.124318414734396,-4.28900396852122e-16,-0.148403057237511,1.13248746181267e-16,0.16971208004883,-4.25395681066332e-16,-0.190234464826338,2.18520163123272e-16,0.210785310931284,-5.43278851989364e-16,-0.231783366669224,2.28170875542573e-16,0.253507784070492,-8.17138968836643e-17,-0.276205299376339,1.14854923421773e-16,0.300156711439162,2.29968381131155e-15,-0.325749362449958,-3.41776442704194e-16,0.353608190807491,-9.76538450050679e-16,-0.384937519813602,-4.08093694869294e-16,0.42289544055311
